<project type="QA">
<time>
Mon Sep  9 16:57:40 2019
</time>
<model><card>nmos</card><library>C:\Users\shuancai\Desktop\MQA_test\Python_Test\IV_Sweeps\model_nmos.l</library></model>
<group name="Model Scalability">
<rule name="Check Vth_lin all" simutime="N/A" errorplotindex="0" totalplotnum="6">
OK
</rule>
<rule name="Check Vth_sat all" simutime="N/A" errorplotindex="0" totalplotnum="6">
OK
</rule>
<rule name="Check DIBL all" simutime="N/A" errorplotindex="0" totalplotnum="6">
OK
</rule>
</group>
<group name="Mathematic Robustness 1">
<rule name="Check Ids vs. Vgs" simutime="N/A" errorplotindex="0" totalplotnum="54">
OK
</rule>
<rule name="Check Ids vs. Vds" simutime="N/A" errorplotindex="0" totalplotnum="54">
OK
</rule>
</group>
</project>
