<project type="QA">
<time>
Mon Sep 16 11:26:31 2019
</time>
<model><card>nmos</card><library>C:\Users\shuancai\Desktop\MQA_test\Python_Test\IV_Sweeps\model_nmos.l</library></model>
<group name="Model Scalability">
<rule name="Check Idsat vs. L" simutime="0.11" errorplotindex="0" totalplotnum="6">
OK
</rule>
<rule name="Check Idsat vs. W" simutime="0.11" errorplotindex="0" totalplotnum="6">
OK
</rule>
<rule name="Check Idsat vs. T" simutime="0.36" errorplotindex="1" totalplotnum="18">
Error(9) 
</rule>
<rule name="Check Vth_lin vs. L" simutime="2.24" errorplotindex="0" totalplotnum="3">
OK
</rule>
<rule name="Check Vth_sat vs. L" simutime="2.31" errorplotindex="0" totalplotnum="3">
OK
</rule>
<rule name="Check Vth_lin vs. W" simutime="2.16" errorplotindex="0" totalplotnum="3">
OK
</rule>
<rule name="Check Vth_sat vs. W" simutime="1.98" errorplotindex="0" totalplotnum="3">
OK
</rule>
<rule name="Check Vth_lin vs. T" simutime="2.52" errorplotindex="0" totalplotnum="18">
OK
</rule>
<rule name="Check Vth_sat vs. T" simutime="2.59" errorplotindex="0" totalplotnum="18">
OK
</rule>
<rule name="Check Ioff vs. L" simutime="0.07" errorplotindex="1" totalplotnum="4">
Error(4) 
</rule>
<rule name="Check Ioff vs. W" simutime="0.06" errorplotindex="0" totalplotnum="4">
OK
</rule>
</group>
<group name="Mathematic Robustness 1">
<rule name="Check Ids vs. Vgs" simutime="0.28" errorplotindex="0" totalplotnum="54">
OK
</rule>
<rule name="Check Ids vs. Vds" simutime="0.61" errorplotindex="0" totalplotnum="54">
OK
</rule>
</group>
<group name="Mathematic Robustness 2">
<rule name="Check Gm Kink" simutime="0.16" errorplotindex="1" totalplotnum="24">
Error(15) 
</rule>
<rule name="Check Rout vs. L" simutime="0.09" errorplotindex="7" totalplotnum="15">
Error(3) 
</rule>
<rule name="Check Rout vs. W" simutime="0.11" errorplotindex="0" totalplotnum="15">
OK
</rule>
<rule name="Check Rout vs. T" simutime="0.82" errorplotindex="0" totalplotnum="9">
OK
</rule>
<rule name="Check Gds Kink" simutime="0.86" errorplotindex="0" totalplotnum="54">
OK
</rule>
<rule name="Check Gmb Kink" simutime="0.28" errorplotindex="0" totalplotnum="54">
OK
</rule>
<rule name="Check Rout*Gm vs. Vds" simutime="0.31" errorplotindex="0" totalplotnum="54">
OK
</rule>
</group>
</project>
